batch_size,naive_pos_mean,naive_pos_std,naive_pos_cnt,naive_com_mean,naive_com_std,naive_com_cnt,auto_arima_pos_mean,auto_arima_pos_std,auto_arima_pos_cnt,auto_arima_com_mean,auto_arima_com_std,auto_arima_com_cnt,auto_ets_pos_mean,auto_ets_pos_std,auto_ets_pos_cnt,auto_ets_com_mean,auto_ets_com_std,auto_ets_com_cnt,auto_ces_pos_mean,auto_ces_pos_std,auto_ces_pos_cnt,auto_ces_com_mean,auto_ces_com_std,auto_ces_com_cnt,auto_theta_pos_mean,auto_theta_pos_std,auto_theta_pos_cnt,auto_theta_com_mean,auto_theta_com_std,auto_theta_com_cnt,random_walk_pos_mean,random_walk_pos_std,random_walk_pos_cnt,random_walk_com_mean,random_walk_com_std,random_walk_com_cnt,history_average_pos_mean,history_average_pos_std,history_average_pos_cnt,history_average_com_mean,history_average_com_std,history_average_com_cnt
100,0,0,0,0,0,0,8.1880000000000006,15.073158496834932,100,183.088435,122.14139655147625,100,-7.9351648351648354,5.5999131665167328,91,29.798164835164837,0.027986038676559081,91,0,0,0,0,0,0,10.1065,8.987391996513221,100,371.48639250000002,68.271043353273242,100,1.449468085106383,13.021895322054329,94,29.847210106382978,0.01926318509459329,94,7.0830000000000002,8.0286111482433231,100,452.90467999999998,76.874203587613835,100
200,0,0,0,0,0,0,12.11975,15.030003408174888,200,175.59108875000001,114.29630655763947,200,-8.7682926829268286,5.6101191013194249,164,29.802341463414635,0.028050595506597126,164,0,0,0,0,0,0,9.5582499999999992,9.4837215432047142,200,362.15611875000002,63.530597182820031,200,-0.67063492063492058,12.718208074096292,189,29.849091269841267,0.023572685023772532,189,7.4424999999999999,8.7843335735648314,200,456.62455,94.184437588598755,200
300,0,0,0,0,0,0,11.370166666666668,14.48666097228673,300,182.41626583333331,121.28519329871838,300,-7.9931174089068824,5.7339855814922256,247,29.798465587044532,0.028669927907461128,247,0,0,0,0,0,0,9.8443333333333332,9.7343099665034707,300,366.89312999999999,64.331459936013644,300,1.2516544117647059,12.880004921315713,272,29.848565257352941,0.022067190601445762,272,7.8008333333333333,8.1817915733692299,300,461.6001425,88.955010033213412,300
